id,name,email,gender
1,cgeraud0,akinchley0@opera.com,Male
2,fingraham1,wromagosa1@redcross.org,Male
3,lbrammer2,htester2@about.me,Male
4,ccashford3,meustis3@simplemachines.org,Female
5,nbold4,cmcculloch4@issuu.com,Female
6,akeetley5,kbasketter5@g.co,Female
7,eandreou6,jtine6@harvard.edu,Female
8,llivesey7,cemlin7@sun.com,Male
9,gtulley8,atreharne8@free.fr,Female
10,cgrund9,fstienham9@phoca.cz,Female
11,tbullusa,sgreenhaugha@slideshare.net,Female
12,dmeridab,gmenchentonb@acquirethisname.com,Female
13,cbowkettc,hmaundrellc@wired.com,Female
14,mruhbend,cwetternd@blogspot.com,Female
15,gcradoce,ijaunceye@java.com,Male
16,jgabbotf,cjoninf@cnn.com,Female
17,cvanleijsg,jolderg@ed.gov,Female
18,acouplandh,apassmanh@skyrock.com,Male
19,kbaribali,pfedynskii@zimbio.com,Male
20,salderwickj,ifaltinj@jiathis.com,Female
21,uwilcottk,ebischopk@biglobe.ne.jp,Female
22,swhaleyl,aromainl@list-manage.com,Female
23,ftamblynm,cmaiseym@un.org,Male
24,gvallentinn,kshannonn@home.pl,Female
25,ecamuso,gscurreyo@delicious.com,Male
26,vkleuerp,sdavidovskyp@goo.ne.jp,Male
27,eelderq,nmeleskq@admin.ch,Male
28,pcatchpoler,cfibbingsr@linkedin.com,Male
29,dantognonis,ggittenss@youku.com,Female
30,cbullickt,ftunnocht@amazon.de,Female
31,rtaffsu,rdumbeltonu@google.de,Female
32,eneemv,cflowithv@geocities.com,Male
33,ashallw,kfairbrotherw@wikispaces.com,Female
34,gguyetx,jcobbaldx@businessinsider.com,Female
35,mschultesy,jrosenboimy@ucla.edu,Male
36,agrievesonz,twraithz@cargocollective.com,Male
37,tbalffye10,lmcarte10@irs.gov,Female
38,dbarrows11,jpollard11@oaic.gov.au,Female
39,lwarriner12,cstranger12@360.cn,Male
40,nkleimt13,pdunkerley13@hubpages.com,Female
41,norae14,rchimes14@latimes.com,Male
42,jfrancesc15,bhayton15@nps.gov,Female
43,mweippert16,dmadgett16@yandex.ru,Female
44,vedser17,grepp17@nba.com,Male
45,whane18,cneve18@cbsnews.com,Female
46,apiel19,igreendale19@auda.org.au,Male
47,lstedson1a,dvearnals1a@chicagotribune.com,Male
48,gsyalvester1b,kbeincken1b@webnode.com,Male
49,osuffe1c,hbosche1c@jimdo.com,Male
50,rjoscelin1d,gmabb1d@printfriendly.com,Male
51,gpickover1e,bluby1e@weibo.com,Male
52,wmccloud1f,jreedick1f@linkedin.com,Female
53,dmanolov1g,fbestwick1g@quantcast.com,Male
54,lsnar1h,egiorgeschi1h@bbc.co.uk,Male
55,chandman1i,tapps1i@twitter.com,Male
56,aoddie1j,cgommowe1j@vk.com,Female
57,avanyushkin1k,dhrachovec1k@cyberchimps.com,Male
58,nlanegran1l,tmowlam1l@timesonline.co.uk,Female
59,rsalatino1m,cbowcher1m@hubpages.com,Female
60,glyall1n,eporter1n@seesaa.net,Male
61,ssly1o,amacclenan1o@vimeo.com,Male
62,mkaufman1p,atabor1p@eepurl.com,Male
63,citshak1q,eparmiter1q@zdnet.com,Female
64,tgascoyen1r,trolfi1r@china.com.cn,Female
65,plambotin1s,drosenblad1s@weather.com,Male
66,tsibray1t,mheintze1t@google.de,Female
67,ccurror1u,gcoppin1u@apple.com,Male
68,cwhitehurst1v,gsyddon1v@pbs.org,Male
69,ohamlen1w,abrunini1w@privacy.gov.au,Female
70,emacpharlain1x,sconnolly1x@cdc.gov,Male
71,kcottu1y,rbentje1y@guardian.co.uk,Male
72,cbergeau1z,tswayland1z@oaic.gov.au,Female
73,mbensen20,cgrisewood20@joomla.org,Male
74,dsmithin21,mgulk21@theguardian.com,Male
75,tlivock22,hgalfour22@nasa.gov,Male
76,lwontner23,kost23@weibo.com,Male
77,nsazio24,mglasgow24@hexun.com,Female
78,bfortye25,jpoulsen25@netlog.com,Male
79,pfoukx26,lscorer26@ehow.com,Female
80,tgudahy27,etofful27@oaic.gov.au,Male
81,gboseley28,jlynnitt28@moonfruit.com,Male
82,celloway29,ideane29@discovery.com,Male
83,gsimnell2a,mtarbox2a@oracle.com,Female
84,nsavell2b,hmeins2b@cam.ac.uk,Male
85,echinnick2c,bhabben2c@miitbeian.gov.cn,Male
86,abarnsdall2d,sboston2d@economist.com,Female
87,oregardsoe2e,skowalik2e@imdb.com,Female
88,mantushev2f,pitschakov2f@examiner.com,Female
89,bkimmitt2g,hcottell2g@reuters.com,Male
90,tvicker2h,nlukehurst2h@ed.gov,Female
91,mcurran2i,tchew2i@hugedomains.com,Female
92,jmanoelli2j,mmatous2j@bing.com,Female
93,ncreavan2k,dorteau2k@un.org,Female
94,mlardnar2l,djenteau2l@jalbum.net,Female
95,nhymas2m,amacmenemy2m@tumblr.com,Female
96,ktemple2n,cmacknight2n@dropbox.com,Male
97,lboundey2o,rshaudfurth2o@bbb.org,Female
98,aredholes2p,pdrinkel2p@hao123.com,Female
99,lsirmon2q,iboarer2q@cornell.edu,Female
100,lseagood2r,bshutt2r@yellowbook.com,Female
101,easpel2s,ptomas2s@slate.com,Female
102,gbaiyle2t,vguenther2t@ocn.ne.jp,Female
103,dbraiden2u,hgrannell2u@fda.gov,Female
104,mperigoe2v,rmatz2v@unesco.org,Male
105,rellery2w,arowden2w@mapquest.com,Male
106,jseak2x,fmcnysche2x@ftc.gov,Male
107,fhainning2y,azealander2y@ebay.co.uk,Female
108,vmoizer2z,kreddington2z@opera.com,Male
109,vgustus30,rrowett30@pagesperso-orange.fr,Male
110,laizic31,gjacqueminot31@quantcast.com,Male
111,nbocking32,rcockshut32@wiley.com,Female
112,aliversley33,tvansalzberger33@google.com,Female
113,acowden34,tleiden34@cmu.edu,Female
114,bmccaskill35,dlyard35@pbs.org,Female
115,ldupre36,hcopo36@google.com,Male
116,ccatto37,rjendrach37@ifeng.com,Female
117,hcrutchfield38,hfochs38@dailymail.co.uk,Male
118,banthoin39,vorrow39@nature.com,Female
119,lparlott3a,sluppitt3a@vimeo.com,Male
120,pjurgen3b,lslowgrave3b@soup.io,Female
121,edebenham3c,ameuse3c@accuweather.com,Female
122,eputtock3d,mpilmer3d@accuweather.com,Male
123,ckelf3e,krubin3e@google.ca,Male
124,ncrudginton3f,afieller3f@elpais.com,Female
125,hdurdy3g,cmcdaid3g@uol.com.br,Male
126,dbeaston3h,twatman3h@e-recht24.de,Male
127,cgatfield3i,egruczka3i@cyberchimps.com,Male
128,mshadrack3j,rbaford3j@disqus.com,Male
129,hmacci3k,tkippax3k@google.fr,Male
130,lvowell3l,jbraganza3l@themeforest.net,Female
131,mkroon3m,tchadburn3m@4shared.com,Female
132,lbarrar3n,imityashin3n@spotify.com,Female
133,jstreatfeild3o,bkinningley3o@seattletimes.com,Female
134,abelliveau3p,epayn3p@ocn.ne.jp,Male
135,irepp3q,pronchetti3q@sakura.ne.jp,Male
136,dnickols3r,pcoltherd3r@theglobeandmail.com,Male
137,lpusill3s,lhyland3s@cisco.com,Female
138,dmonger3t,dlargent3t@marketwatch.com,Male
139,ctiptaft3u,mcaddy3u@aol.com,Female
140,banning3v,kblatchford3v@google.co.jp,Male
141,cclemintoni3w,showerd3w@sina.com.cn,Female
142,blaxon3x,jgynn3x@constantcontact.com,Male
143,rjowle3y,bdyter3y@cisco.com,Female
144,cwhitcher3z,jspurier3z@arizona.edu,Female
145,gmolnar40,alaurie40@t-online.de,Female
146,pmewitt41,bbagge41@dyndns.org,Female
147,aramelot42,blindwasser42@archive.org,Female
148,dbalch43,sgable43@gmpg.org,Female
149,rlinscott44,gkille44@wiley.com,Male
150,tdutch45,cninotti45@github.com,Male
151,ckliemann46,nfeldberg46@zimbio.com,Female
152,arunchman47,mgoodbur47@cocolog-nifty.com,Male
153,sculwen48,gcronshaw48@chron.com,Female
154,tlashmar49,jmowsdale49@yale.edu,Female
155,eleball4a,eheephy4a@timesonline.co.uk,Female
156,lmackean4b,dhefferon4b@dailymotion.com,Female
157,gdeverose4c,miacovucci4c@toplist.cz,Female
158,grignall4d,ldoctor4d@columbia.edu,Female
159,tmcinteer4e,kdrinkel4e@nature.com,Female
160,banstice4f,woels4f@msn.com,Male
161,jsimmonds4g,zchapling4g@state.gov,Female
162,bbrandes4h,mfarens4h@cdbaby.com,Female
163,ablagbrough4i,kkaiser4i@netvibes.com,Female
164,zirdale4j,awilsee4j@ask.com,Male
165,ryarnold4k,amatzl4k@usnews.com,Male
166,kbogges4l,besterbrook4l@fastcompany.com,Male
167,dsiddens4m,aburton4m@mtv.com,Male
168,gsarten4n,jfernie4n@wikia.com,Female
169,rgurko4o,awasmuth4o@moonfruit.com,Female
170,bwinsley4p,pshearmer4p@mashable.com,Female
171,gjanodet4q,dkinder4q@narod.ru,Male
172,jbrattell4r,sgulk4r@gravatar.com,Female
173,imclellan4s,ndearness4s@mozilla.com,Male
174,lelcoate4t,mgaroghan4t@imgur.com,Female
175,lpinxton4u,lswetland4u@free.fr,Male
176,ddagwell4v,hledekker4v@hexun.com,Female
177,vpray4w,fdove4w@ask.com,Male
178,cheaney4x,rrawlcliffe4x@tuttocitta.it,Female
179,mwillavize4y,spaoloni4y@a8.net,Male
180,mferns4z,swheldon4z@foxnews.com,Male
181,hbodd50,hgroom50@umn.edu,Male
182,esainthill51,aasif51@deliciousdays.com,Male
183,bkettlewell52,kself52@kickstarter.com,Male
184,jmatherson53,lstrowlger53@bluehost.com,Male
185,nkitchaside54,jkuhnt54@noaa.gov,Male
186,lweitzel55,ppacheco55@fc2.com,Male
187,eida56,jgallone56@gizmodo.com,Female
188,jcreaser57,mdowney57@feedburner.com,Male
189,bcafferty58,gjemmett58@cafepress.com,Male
190,qskyppe59,csiddele59@nasa.gov,Female
191,ahuddles5a,pgobeau5a@goo.gl,Male
192,awinyard5b,sslipper5b@walmart.com,Female
193,rshelf5c,rbarthod5c@opensource.org,Female
194,alivick5d,cjean5d@columbia.edu,Female
195,asalle5e,kgouldbourn5e@addthis.com,Female
196,gbodle5f,vosbourn5f@zimbio.com,Female
197,wrevening5g,rgodly5g@1und1.de,Male
198,adocket5h,fcrowley5h@wix.com,Male
199,dedis5i,mgodbehere5i@sbwire.com,Female
200,hgarmans5j,rstephen5j@opensource.org,Male
201,mgilhooley5k,mmountfort5k@csmonitor.com,Female
202,bdury5l,boke5l@hud.gov,Female
203,cszymanek5m,cturvey5m@domainmarket.com,Male
204,cmiddis5n,erafter5n@statcounter.com,Female
205,jbrixey5o,econaghan5o@qq.com,Male
206,jbasinigazzi5p,bbleazard5p@stanford.edu,Male
207,eseden5q,fjedrachowicz5q@slate.com,Female
208,dsimyson5r,lstrelitz5r@toplist.cz,Female
209,hblankett5s,pdamant5s@google.pl,Male
210,bbagnall5t,mmclenaghan5t@taobao.com,Female
211,aantic5u,ewanless5u@whitehouse.gov,Female
212,dsimmonite5v,cmacdiarmid5v@phoca.cz,Female
213,rgerrill5w,wgiorio5w@smh.com.au,Male
214,opaulou5x,skochel5x@cpanel.net,Male
215,adimock5y,cyarwood5y@wikia.com,Male
216,kbassham5z,obickell5z@howstuffworks.com,Female
217,aantrag60,snornasell60@intel.com,Female
218,bgilcriest61,kiohananof61@myspace.com,Male
219,bwoolvin62,cfeakins62@imdb.com,Female
220,llavery63,jroston63@sciencedaily.com,Female
221,shelix64,cdurak64@paginegialle.it,Male
222,ctaberner65,rchattock65@deviantart.com,Female
223,sellwand66,uambrogioli66@about.com,Female
224,uimlacke67,mshewring67@is.gd,Female
225,pcorbitt68,sfolcarelli68@godaddy.com,Female
226,rbrims69,hmchan69@hp.com,Male
227,radshad6a,hgeraldo6a@w3.org,Male
228,awinman6b,mcloss6b@unc.edu,Male
229,rtrenbey6c,sedgeller6c@dailymotion.com,Female
230,olivett6d,wboulton6d@sogou.com,Female
231,ecamsey6e,mjeffery6e@meetup.com,Male
232,cmcclay6f,jvain6f@facebook.com,Female
233,agrigor6g,bpilpovic6g@symantec.com,Female
234,mdellorto6h,gstooders6h@abc.net.au,Female
235,sambrodi6i,cwildbore6i@prlog.org,Male
236,lcoe6j,gocurrine6j@nytimes.com,Female
237,omccluin6k,hrigardeau6k@unblog.fr,Female
238,nkissell6l,bmarron6l@symantec.com,Female
239,mmaghull6m,ohasslocher6m@t.co,Male
240,tferia6n,mclows6n@google.com.hk,Female
241,aalbury6o,bdeas6o@washingtonpost.com,Female
242,rpiesing6p,wbrandom6p@house.gov,Male
243,cbrevitt6q,vmathen6q@nasa.gov,Female
244,pclubb6r,mtsar6r@ovh.net,Male
245,klyenyng6s,tcullingford6s@usnews.com,Male
246,gillem6t,covanesian6t@intel.com,Female
247,ncarress6u,crabbe6u@shinystat.com,Female
248,jpideon6v,sblythe6v@si.edu,Male
249,lsundin6w,ttuley6w@xing.com,Male
250,kmcgonagle6x,ipedreschi6x@diigo.com,Male
251,aspeers6y,kkissack6y@nymag.com,Female
252,shornbuckle6z,ljurgenson6z@livejournal.com,Male
253,adaout70,mfingleton70@ycombinator.com,Male
254,lgouth71,mtrighton71@shinystat.com,Female
255,ielton72,dstratiff72@apple.com,Male
256,aziehms73,aventum73@prnewswire.com,Male
257,lleif74,gwalder74@trellian.com,Female
258,tmeasey75,cbasset75@seesaa.net,Female
259,mfender76,mlaurenty76@github.io,Female
260,sscard77,kbryer77@friendfeed.com,Female
261,tpressnell78,skienlein78@imgur.com,Male
262,olorenzetto79,wpaynes79@psu.edu,Male
263,qniess7a,lmaclaine7a@blogger.com,Male
264,hwickmann7b,escarce7b@mediafire.com,Male
265,pmingardo7c,lbrasier7c@rambler.ru,Male
266,mmeachen7d,alivezey7d@kickstarter.com,Female
267,bkeeton7e,aobray7e@answers.com,Male
268,isnoxall7f,ccussins7f@bloglovin.com,Female
269,bstieger7g,sbeidebeke7g@bluehost.com,Female
270,jpoundsford7h,ldrakard7h@acquirethisname.com,Male
271,eviles7i,lwildber7i@narod.ru,Female
272,lraiman7j,akenrat7j@bluehost.com,Female
273,csproston7k,jjeyes7k@biblegateway.com,Female
274,smccrackem7l,osherland7l@canalblog.com,Male
275,tbrokenshire7m,ccrewe7m@ustream.tv,Male
276,nmapstone7n,dmarginson7n@noaa.gov,Female
277,dgothrup7o,evangeffen7o@booking.com,Female
278,mdamato7p,mmcgirr7p@mapy.cz,Female
279,dmayling7q,nlimpricht7q@edublogs.org,Female
280,vminchin7r,dbingell7r@mysql.com,Female
281,kkiezler7s,fkennady7s@hud.gov,Male
282,eather7t,rgrancher7t@lycos.com,Female
283,mlautie7u,lzottoli7u@elegantthemes.com,Male
284,lrussen7v,emcramsey7v@constantcontact.com,Male
285,boutright7w,pcottu7w@earthlink.net,Female
286,gbridgwood7x,sfoucar7x@jiathis.com,Male
287,amattes7y,ajest7y@virginia.edu,Female
288,edowle7z,gwalley7z@utexas.edu,Female
289,jbetteney80,scullingford80@sciencedaily.com,Female
290,araynard81,bfroggatt81@blogtalkradio.com,Male
291,gblakeley82,ecurtayne82@tumblr.com,Male
292,cgodier83,lcusick83@discovery.com,Female
293,avilla84,wmarson84@yolasite.com,Female
294,lwanden85,imayor85@php.net,Male
295,nkingswoode86,fmeeron86@github.io,Male
296,tofeeny87,hverick87@wp.com,Female
297,ibwy88,ffilyukov88@alibaba.com,Male
298,sashurst89,khalligan89@example.com,Male
299,bzima8a,yabell8a@eepurl.com,Female
300,rrubinlicht8b,ggawler8b@umich.edu,Female
301,ikingzeth8c,dbrodbin8c@last.fm,Male
302,veade8d,hbursnall8d@canalblog.com,Male
303,bbeeson8e,jwards8e@chronoengine.com,Male
304,vsomerbell8f,csedgemond8f@hc360.com,Female
305,sshufflebotham8g,rjeavons8g@paginegialle.it,Female
306,rthominga8h,bboame8h@berkeley.edu,Female
307,ccavet8i,npaynter8i@spiegel.de,Male
308,rgookes8j,nmatkin8j@bigcartel.com,Female
309,gcortez8k,mnorrington8k@e-recht24.de,Male
310,kfandrich8l,tbowmaker8l@people.com.cn,Male
311,rklousner8m,nburleton8m@t-online.de,Male
312,rgibling8n,frives8n@boston.com,Male
313,sabbyss8o,negginson8o@fc2.com,Female
314,cwillmer8p,pjellman8p@psu.edu,Male
315,hweitzel8q,csaxelby8q@buzzfeed.com,Male
316,pgruszecki8r,pgotecliffe8r@squarespace.com,Female
317,kmaccauley8s,dgrigorescu8s@dropbox.com,Female
318,aaaronsohn8t,gmirfield8t@nasa.gov,Male
319,fmonteath8u,lbeaushaw8u@kickstarter.com,Male
320,emacilraith8v,rcolleran8v@admin.ch,Female
321,aclemmey8w,hcostellow8w@yandex.ru,Female
322,dfilippucci8x,eclayden8x@about.com,Male
323,iolding8y,mcella8y@dailymail.co.uk,Male
324,labels8z,drippin8z@google.fr,Male
325,adavley90,hdreelan90@admin.ch,Female
326,ayearron91,lbanaszkiewicz91@vinaora.com,Male
327,wlawly92,stebbit92@forbes.com,Male
328,sperview93,jmilbourn93@japanpost.jp,Male
329,kbomb94,jhollyman94@webeden.co.uk,Male
330,wagneau95,bcharlin95@netlog.com,Female
331,tdupre96,bdarey96@csmonitor.com,Male
332,cfrensch97,avosse97@bbb.org,Female
333,gbiggar98,pjezard98@github.io,Male
334,tdraisey99,cambrus99@exblog.jp,Female
335,abradfield9a,sledamun9a@tamu.edu,Male
336,rdearsley9b,dcomelli9b@histats.com,Female
337,gstrain9c,iseymour9c@opensource.org,Female
338,fhefferan9d,kcoolahan9d@vkontakte.ru,Male
339,hholtham9e,kdelascy9e@blog.com,Female
340,mfulbrook9f,fpopping9f@craigslist.org,Male
341,afrudd9g,tproudler9g@samsung.com,Female
342,ehousecroft9h,jjeschner9h@google.ca,Male
343,mpittock9i,epolon9i@altervista.org,Male
344,fcasel9j,lleggin9j@infoseek.co.jp,Female
345,kwillerton9k,mriddell9k@google.com.br,Male
346,cfisk9l,asalzburger9l@harvard.edu,Male
347,bmaffioni9m,kfielder9m@businessinsider.com,Male
348,swhye9n,jshrubsall9n@biglobe.ne.jp,Female
349,mwillmetts9o,adunstan9o@msu.edu,Female
350,krhymer9p,mcurbishley9p@google.ru,Female
351,dmapstone9q,spostle9q@barnesandnoble.com,Male
352,enormansell9r,hgodbert9r@hostgator.com,Female
353,gswayne9s,cmanders9s@microsoft.com,Female
354,apetrovsky9t,dmartignon9t@cam.ac.uk,Male
355,sstrangman9u,adunlea9u@about.me,Female
356,pjanicki9v,cbarnby9v@github.com,Female
357,fdales9w,kscyone9w@icq.com,Male
358,dscutcheon9x,lfarn9x@springer.com,Male
359,asweed9y,mcomer9y@deliciousdays.com,Female
360,ejacobovitz9z,hgurg9z@theguardian.com,Male
361,smalatalanta0,vkettemana0@booking.com,Female
362,arunhama1,eredsalla1@tmall.com,Male
363,aaronsona2,tsteera2@mapquest.com,Male
364,wwheatlanda3,ptivnana3@flickr.com,Female
365,ahalewooda4,aellora4@cocolog-nifty.com,Male
366,bdartha5,rdenecampa5@amazon.de,Female
367,rbracera6,dbarkwaya6@weebly.com,Female
368,kdalesioa7,wetona7@statcounter.com,Male
369,adoutcha8,dmowbraya8@istockphoto.com,Male
370,sgleasanea9,asegara9@tiny.cc,Male
371,twaggettaa,eredishaa@dedecms.com,Female
372,erottcherab,amaneylawsab@ftc.gov,Female
373,gswaffordac,jmidlaneac@techcrunch.com,Female
374,dbulbeckad,obousfieldad@globo.com,Female
375,cgreatorexae,cglideae@nationalgeographic.com,Male
376,ygillfordaf,acalabryaf@auda.org.au,Female
377,rbarouxag,jtatersaleag@cafepress.com,Male
378,jsherwynah,mbeckah@photobucket.com,Female
379,rdoftyai,kmitchensonai@cargocollective.com,Male
380,tlemaryaj,ocressyaj@npr.org,Female
381,rbolensak,emongeotak@toplist.cz,Male
382,neadieal,sroadsal@spotify.com,Female
383,acrosseam,nbrickdaleam@dyndns.org,Male
384,msouthcoatan,domurtaghan@sakura.ne.jp,Male
385,tfarendenao,dboltwoodao@tinypic.com,Male
386,emaymanap,cearwakerap@ovh.net,Female
387,dyoellaq,jtripconyaq@ocn.ne.jp,Female
388,tgregrar,onotoar@flickr.com,Female
389,msimicas,tdemalcharas@cbsnews.com,Male
390,abarbeyat,cdutnellat@marriott.com,Male
391,mferrasau,smorantau@quantcast.com,Male
392,rfortyav,amccallamav@t.co,Male
393,sbathersbyaw,kschimonekaw@hubpages.com,Male
394,jtocquevilleax,lsimecekax@phpbb.com,Male
395,ycowpeay,mbarrimay@so-net.ne.jp,Male
396,mmilletonaz,saspoleaz@google.co.uk,Female
397,mgatherellb0,pattrideb0@google.com.hk,Female
398,ljeaffresonb1,fferminb1@usa.gov,Male
399,ewigmoreb2,fhernikb2@themeforest.net,Male
400,mrushmareb3,sdinnegesb3@howstuffworks.com,Male
401,lpreshob4,rhiomb4@mapy.cz,Female
402,tmacririeb5,ttrenowethb5@utexas.edu,Male
403,uheadingtonb6,astuttmanb6@blogspot.com,Female
404,obirdenb7,enorvalb7@cam.ac.uk,Male
405,tblackieb8,nboverb8@w3.org,Male
406,liskowiczb9,dpertonb9@scientificamerican.com,Female
407,hleitchba,csiggeryba@spiegel.de,Male
408,slegenbb,crickersybb@xrea.com,Female
409,olochetbc,febbersbc@illinois.edu,Male
410,llutmanbd,rbillsonbd@blogger.com,Male
411,galenbe,pbrodeaube@live.com,Female
412,gwilseebf,dwathallbf@oakley.com,Female
413,pbrimnerbg,irogisterbg@ibm.com,Male
414,mortmannbh,fdavidovicbh@cpanel.net,Female
415,lfarobi,mratebi@who.int,Female
416,tfirpobj,raleevybj@homestead.com,Male
417,dmacgilrewybk,bcleeverbk@xing.com,Male
418,gchampionnetbl,mmckinnonbl@ning.com,Female
419,lruprichbm,eskirvinbm@wiley.com,Male
420,ibilverstonebn,ccianellibn@shareasale.com,Male
421,clibbybo,myakubovichbo@pinterest.com,Female
422,dcoughanbp,jventombp@dell.com,Female
423,bdimblebeebq,mlodovichibq@bigcartel.com,Male
424,smccasterbr,sheaselgravebr@weather.com,Male
425,dmunningbs,shugnetbs@google.de,Male
426,ggouldthorpbt,itomasinobt@ted.com,Male
427,igerritsmabu,kbalaambu@tuttocitta.it,Female
428,nfuidgebv,fjeffcoatebv@oaic.gov.au,Male
429,hamorinebw,palenikovbw@goodreads.com,Female
430,vgadiebx,zsoldanbx@theguardian.com,Male
431,ebattersby,nlorekby@dyndns.org,Male
432,acansdalebz,gcowplandbz@squidoo.com,Female
433,gforrestallc0,sbiaggic0@gizmodo.com,Male
434,lmeyrickc1,sgisbornec1@ebay.com,Female
435,wmynettc2,vleec2@netvibes.com,Male
436,ajochananyc3,astideverc3@cyberchimps.com,Male
437,calvinc4,tcislandc4@wiley.com,Female
438,bmcteggartc5,ssaleryc5@a8.net,Female
439,awhyattc6,mdeerc6@princeton.edu,Female
440,sstockhillc7,akeyhoc7@cmu.edu,Male
441,pmcclarencec8,tdeaguirrec8@twitter.com,Female
442,hperrycostc9,swilcockc9@cnbc.com,Male
443,dbartkiewiczca,rsutliffca@hp.com,Female
444,mnorthallcb,bboarleysoncb@creativecommons.org,Female
445,kzealycc,mstutardcc@mysql.com,Female
446,btattersillcd,moxenhamcd@berkeley.edu,Female
447,cviviance,mkingstonce@whitehouse.gov,Male
448,hbuckhamcf,anellencf@smh.com.au,Male
449,acrutchleycg,doliphandcg@jimdo.com,Male
450,ejeanetch,eracinech@yelp.com,Female
451,adymondci,bwhordleyci@wikia.com,Male
452,kwhacketcj,smebiuscj@blogger.com,Male
453,vdustck,bwichardck@wordpress.org,Male
454,tpetericl,aghelarduccicl@cnn.com,Male
455,hhordlecm,aguyercm@harvard.edu,Male
456,aphelipeauxcn,gcamolettocn@storify.com,Female
457,dblaslico,hgrimmco@vinaora.com,Female
458,tshepherdcp,oseamercp@theatlantic.com,Female
459,jdabbotdoylecq,wmontillacq@photobucket.com,Female
460,tcristoforetticr,asibleycr@lycos.com,Male
461,npinnijarcs,ipirsoncs@craigslist.org,Male
462,iwraggct,wmcareect@washington.edu,Female
463,morrisscu,gpattullocu@yahoo.com,Female
464,ijigginscv,rtimsoncv@yandex.ru,Male
465,mrainycw,kmaciociacw@washingtonpost.com,Female
466,boleksiakcx,lahlincx@whitehouse.gov,Female
467,acaltoncy,amilhenchcy@dot.gov,Male
468,fpetkenscz,kfinlancz@com.com,Female
469,aregorzd0,klahived0@etsy.com,Male
470,kmoringd1,osabaterd1@cdc.gov,Female
471,mperled2,jjakoubecd2@sogou.com,Male
472,skearnsd3,bmolend3@simplemachines.org,Male
473,pbroadwelld4,mholhoused4@barnesandnoble.com,Female
474,lbalamd5,mmayord5@etsy.com,Female
475,cteersd6,rmartinollid6@wufoo.com,Male
476,ctutchingsd7,clorinczd7@sfgate.com,Male
477,awoodruffd8,kuttermared8@taobao.com,Male
478,jwilland9,bturbatd9@go.com,Male
479,ddurhamda,mcosensda@usa.gov,Female
480,ftowersdb,dlofthousedb@imdb.com,Female
481,ocristobaldc,kmoreinisdc@cafepress.com,Male
482,alabrowdd,tmaccarterdd@goo.gl,Female
483,mfolinide,blearmouthde@sakura.ne.jp,Male
484,glestrangedf,iburleighdf@51.la,Male
485,opinckneydg,cspareydg@cnbc.com,Female
486,jbeardsleydh,bnoweakdh@cam.ac.uk,Female
487,ebaythorpdi,eboxhalldi@howstuffworks.com,Female
488,rglentworthdj,mdunbletondj@nyu.edu,Male
489,dboldtdk,scrosherdk@pagesperso-orange.fr,Female
490,ishinglerdl,ksammondsdl@oakley.com,Male
491,adacredm,cbrickseydm@ezinearticles.com,Male
492,fgerriedn,dsnelgardn@merriam-webster.com,Female
493,epinchesdo,mdanheldo@usda.gov,Female
494,jgainesdp,rpotesdp@cbslocal.com,Male
495,lwaadenburgdq,dcoggandq@sciencedirect.com,Male
496,aginsiedr,dbeveragedr@disqus.com,Male
497,hbullentds,ehullandds@illinois.edu,Male
498,ntingeydt,jabramovicidt@netscape.com,Male
499,btroutbeckdu,elaisedu@zimbio.com,Female
500,mmacgillicuddydv,bganniclifftdv@canalblog.com,Male
501,lblowdw,rswappdw@dedecms.com,Female
502,bwoodhousedx,sadamkiewiczdx@webnode.com,Female
503,todalydy,nannettdy@umn.edu,Female
504,aissacoffdz,uastridgedz@booking.com,Male
505,bstrangwoode0,lclerce0@vkontakte.ru,Male
506,dpanimane1,eskydalle1@ocn.ne.jp,Female
507,dfinche2,csturneye2@adobe.com,Female
508,dtwigge3,acroshawe3@hc360.com,Male
509,tvalentellie4,rbloomere4@washingtonpost.com,Female
510,spudseye5,cbrandte5@constantcontact.com,Male
511,cgomersalle6,ptille6@google.fr,Male
512,cspawforthe7,bswiree7@wordpress.com,Male
513,fabramowitze8,civantsove8@fda.gov,Female
514,ttraitee9,fkimbline9@parallels.com,Male
515,fhallgalleyea,lprueea@shareasale.com,Female
516,dgirkeb,cdallewatereb@state.gov,Male
517,mmearnsec,mhimpsonec@about.com,Male
518,emithamed,gtarzeyed@gizmodo.com,Female
519,lvettoreee,lsheadee@yellowpages.com,Female
520,bjowlingef,tlemaitreef@spiegel.de,Female
521,fpicoteg,mdmitrievskieg@sina.com.cn,Male
522,sdinseyeh,msouthwickeh@scribd.com,Male
523,mkittei,apimblettei@house.gov,Male
524,acageej,skeppyej@ask.com,Female
525,opriestleyek,tchilverek@bluehost.com,Male
526,lvedeshkinel,amanningel@over-blog.com,Female
527,wseekingsem,ssalergem@engadget.com,Female
528,eguerneren,nmarshfielden@hud.gov,Female
529,sbarkwortheo,cprobetseo@nytimes.com,Female
530,nbuchananep,gdutteridgeep@exblog.jp,Male
531,aprandyeq,kduchanteq@princeton.edu,Male
532,awhimper,zlatliffer@cnet.com,Female
533,astevenes,trobbeles@prnewswire.com,Male
534,rperazzoet,bgrowcottet@joomla.org,Male
535,bbarcaeu,arevieeu@nationalgeographic.com,Female
536,ibearblockev,cestcourtev@g.co,Male
537,lamburgyew,tmatuskaew@altervista.org,Female
538,jallnattex,cpflegerex@microsoft.com,Female
539,fgrasnerey,ndyerey@mail.ru,Female
540,gdonovanez,sgraylingez@usgs.gov,Male
541,kwhitleyf0,cdebnamf0@digg.com,Female
542,cmcculloghf1,dmelonbyf1@reddit.com,Male
543,ktrusslovef2,bcanetef2@hexun.com,Female
544,jsendallf3,amicklemf3@jugem.jp,Female
545,bspaightf4,jdenerleyf4@dailymotion.com,Male
546,fbrewoodf5,vsummerleef5@fotki.com,Female
547,gcalteronef6,slifef6@intel.com,Female
548,ddimmockf7,slaydonf7@gizmodo.com,Male
549,asyalvesterf8,gallbonesf8@cnet.com,Female
550,dschreif9,tskynnerf9@arizona.edu,Female
551,bryefa,kfiskefa@woothemes.com,Female
552,adowefb,eswindlehurstfb@miibeian.gov.cn,Female
553,gridefc,wmcallisterfc@taobao.com,Male
554,ibramwichfd,hbeachampfd@imageshack.us,Female
555,bwoodwardfe,tarchbouldfe@wunderground.com,Male
556,mcolloffff,gworswickff@bluehost.com,Male
557,pantonikovfg,ssinnettfg@hud.gov,Female
558,mmoncrefefh,astilingfh@usgs.gov,Female
559,ddcruzefi,civankinfi@loc.gov,Male
560,mfreschinifj,bcruikshanksfj@nature.com,Male
561,ctrussefk,afernandesfk@dmoz.org,Female
562,sboshellfl,acrosslandfl@amazon.co.uk,Female
563,npavyerfm,mportugalfm@live.com,Male
564,lchinnickfn,espillettfn@geocities.com,Male
565,stouzeyfo,afludgatefo@pcworld.com,Male
566,fpatnellifp,tduthiefp@cocolog-nifty.com,Male
567,tjakolevitchfq,trathmellfq@newyorker.com,Female
568,fdebellfr,lluckettfr@github.com,Female
569,rbentefs,lkinnyfs@soup.io,Male
570,tstapletonft,gperroneft@flavors.me,Female
571,bolyfffu,menokssonfu@state.gov,Male
572,ljanuszkiewiczfv,wrichichifv@artisteer.com,Male
573,lhyderfw,amunbyfw@jugem.jp,Female
574,hlarkworthyfx,wagiusfx@i2i.jp,Female
575,ldickefy,bsibbertfy@acquirethisname.com,Male
576,rlehrmannfz,egreirfz@sohu.com,Female
577,kfennag0,rlaffordg0@reference.com,Female
578,gbeynkng1,mokelleherg1@ted.com,Female
579,rmissendeng2,bmugridgeg2@360.cn,Male
580,mmillomg3,jclaworthg3@psu.edu,Female
581,mpenberthyg4,mrosenqvistg4@friendfeed.com,Female
582,dhorsellg5,clettingtong5@tamu.edu,Female
583,linskog6,sbingallg6@ocn.ne.jp,Female
584,mstearng7,mgrimbaldestong7@netvibes.com,Female
585,cduckersg8,thindrickg8@guardian.co.uk,Male
586,fbarstockg9,esainsburyg9@china.com.cn,Female
587,nechellega,yogglebiega@cdc.gov,Male
588,mbentjensgb,uminotgb@netlog.com,Female
589,vcockingc,mhousbygc@unesco.org,Female
590,dbummfreygd,csargeantgd@fema.gov,Male
591,ahaselge,afaughnyge@list-manage.com,Female
592,jfountainegf,tunsteadgf@ucla.edu,Female
593,jkrollgg,ymeekgg@latimes.com,Female
594,moldacregh,teccleshallgh@google.cn,Male
595,csussemsgi,jwychegi@netscape.com,Female
596,gwardhoughgj,lcorthesgj@harvard.edu,Female
597,gdradeygk,seshelbygk@accuweather.com,Female
598,mewebankgl,mcornaugl@ucla.edu,Female
599,otrobegm,mogelsbygm@surveymonkey.com,Female
600,vmeiklejohngn,rregogn@nasa.gov,Male
601,klindenbaumgo,gabrahamsengo@theatlantic.com,Male
602,bsturrorgp,shacquelgp@miibeian.gov.cn,Female
603,swinnettgq,nfarlambgq@goo.ne.jp,Male
604,elambswoodgr,kcagegr@va.gov,Male
605,dbenedettigs,astorergs@unicef.org,Female
606,dfitchellgt,jdalligt@360.cn,Male
607,csalomongu,hverginegu@i2i.jp,Male
608,jhalmsgv,tyakutingv@nyu.edu,Male
609,aflegggw,dmassimogw@dyndns.org,Male
610,gbeardallgx,ggandergx@cdc.gov,Male
611,tdrissellgy,otumayangy@clickbank.net,Male
612,rmoattgz,cgilyottgz@dedecms.com,Female
613,aedglerh0,coadesh0@phpbb.com,Female
614,rkonerdingh1,kdurtnalh1@phoca.cz,Male
615,kloyleyh2,cwoosterh2@loc.gov,Male
616,xfaseyh3,sgatchelh3@salon.com,Female
617,dkennionh4,cnormavellh4@live.com,Female
618,dmullineuxh5,fminoth5@wunderground.com,Male
619,hspoorsh6,eattwoulh6@barnesandnoble.com,Female
620,rsmithenh7,cbridgetth7@ebay.com,Male
621,caspinalh8,ireisenbergh8@live.com,Female
622,hbecksh9,kcowperh9@drupal.org,Female
623,pcaughteha,rredholesha@hubpages.com,Female
624,ppawleyhb,lmatusovhb@lycos.com,Female
625,amenezeshc,amarcoshc@oakley.com,Female
626,tscranehd,brubkehd@technorati.com,Male
627,lgullefanthe,acabanhe@51.la,Male
628,dsilkstonehf,omcrinnhf@ustream.tv,Male
629,aredwallhg,bmaturahg@go.com,Female
630,gspendleyhh,jgosarthh@facebook.com,Female
631,dbarberyhi,wkilrowhi@fc2.com,Female
632,gjohanninghj,ychataignierhj@cisco.com,Male
633,mwaithk,cdelaneyhk@msu.edu,Male
634,eschulkenhl,dstanetthl@huffingtonpost.com,Male
635,arashhm,cfugehm@amazon.de,Female
636,hclimiehn,rchamleyhn@bandcamp.com,Female
637,jbrentonho,plongsonho@flavors.me,Female
638,msalvagehp,aburchfieldhp@com.com,Male
639,jshovelinhq,rguislerhq@joomla.org,Female
640,lderricoathr,jcampionehr@hao123.com,Female
641,kstenneths,cgrosehs@soundcloud.com,Female
642,ngilhoolyht,bwalkinshawht@unesco.org,Female
643,aellicehu,whushhu@creativecommons.org,Female
644,bplacidihv,pcrepinhv@last.fm,Male
645,mwindowshw,srojhw@lycos.com,Female
646,lkerinshx,parnefieldhx@so-net.ne.jp,Female
647,aseilerhy,bshreenanhy@walmart.com,Female
648,bmccarthz,adanzighz@blinklist.com,Female
649,ahutchini0,dblaberi0@amazon.co.uk,Female
650,kgristocki1,jmccaughani1@sitemeter.com,Male
651,jmacmorlandi2,aquilleashi2@cam.ac.uk,Male
652,gtyeri3,abrockiei3@oracle.com,Male
653,cjeaneti4,fplanki4@devhub.com,Male
654,gpethericki5,pchastoni5@hhs.gov,Male
655,lalexsandrevi6,tsainsberryi6@cbc.ca,Female
656,vdavitti7,ctownshendi7@biblegateway.com,Male
657,rbutfieldi8,kkenneti8@illinois.edu,Male
658,ccricketti9,rgillingi9@ameblo.jp,Female
659,gledsteria,lpitthamia@ox.ac.uk,Female
660,lkirmanib,pchastanib@illinois.edu,Female
661,hwistanceic,emilksopic@rakuten.co.jp,Male
662,bjestid,lforsterid@canalblog.com,Male
663,mscirmanie,idarcoie@ebay.com,Female
664,ldericotif,flettereseif@macromedia.com,Female
665,jchristeneig,sbadhamig@gmpg.org,Female
666,kfahrenbacherih,rjadoih@arstechnica.com,Female
667,bgoldsburyii,amccomiskieii@businesswire.com,Male
668,lwelbrockij,ncrowtheij@hibu.com,Male
669,sburndredik,jboydaik@seattletimes.com,Male
670,bcowdrayil,tosiaghailil@imgur.com,Female
671,akettellim,lmoynhamim@qq.com,Male
672,eparoniin,bwhibleyin@cbslocal.com,Male
673,jortonio,rduddellio@ycombinator.com,Male
674,bquestedip,amattediip@earthlink.net,Female
675,btolletiq,chumbleiq@whitehouse.gov,Male
676,lmacmenemyir,pblewisir@barnesandnoble.com,Male
677,kcuvleyis,avanderstraatenis@netscape.com,Female
678,ebrundellit,hguslonit@alexa.com,Female
679,rbrayiu,afranzottoiu@cbsnews.com,Female
680,aspilemaniv,mmessomiv@blogtalkradio.com,Female
681,criddingtoniw,mdafferniw@wisc.edu,Male
682,amcraeix,rmalyjix@mysql.com,Female
683,gchithamiy,smourgeiy@blogtalkradio.com,Female
684,vhargetiz,bspearsiz@hc360.com,Male
685,srannaldj0,ewoolliamsj0@elpais.com,Male
686,lbartomieuj1,blloydwilliamsj1@vk.com,Male
687,wmcmychemj2,lheatleyj2@fda.gov,Male
688,rbromptonj3,wvirgoej3@prnewswire.com,Female
689,weilhartj4,cblasikj4@gnu.org,Male
690,iparkynj5,bocannovanej5@cafepress.com,Male
691,lpatridgej6,nmckeonj6@huffingtonpost.com,Female
692,jstonbridgej7,pslimmj7@marriott.com,Male
693,ktorregianij8,tmouldj8@soup.io,Male
694,gchansonj9,rmaddocksj9@pcworld.com,Male
695,clastyja,tdonnettja@instagram.com,Male
696,byesinovjb,lbecarrajb@upenn.edu,Female
697,jgallellijc,jmillarjc@archive.org,Male
698,solyetjd,fadamejd@squarespace.com,Male
699,bthroughtonje,rportigallje@scientificamerican.com,Female
700,iebournejf,dvaseyjf@ucsd.edu,Male
701,gdudbridgejg,cgrutejg@cornell.edu,Male
702,shullettjh,lrigollejh@delicious.com,Male
703,mbyhamji,bchurlyji@mozilla.org,Female
704,dalldreadjj,efugglesjj@boston.com,Male
705,swilljk,velfittjk@cnbc.com,Female
706,mleinsterjl,tcourtoisjl@usda.gov,Female
707,earrjm,emillicanjm@nba.com,Female
708,hfrancoisjn,ftipplejn@domainmarket.com,Female
709,csexjo,chansberryjo@opera.com,Male
710,epetrushkajp,rvargajp@japanpost.jp,Male
711,djanseyjq,bnightingalejq@slate.com,Male
712,dbeertjr,vnoicejr@microsoft.com,Male
713,sstoodersjs,blodemannjs@google.com.br,Male
714,hkitcattjt,gblythjt@usa.gov,Female
715,ngealyju,asetfordju@imageshack.us,Male
716,tbaymanjv,lharnettyjv@moonfruit.com,Female
717,nakesterjw,rtittjw@google.co.uk,Female
718,wdubblejx,torsjx@linkedin.com,Male
719,tkerreyjy,grozzelljy@mlb.com,Female
720,lwessingjz,cgumleyjz@hc360.com,Male
721,abraistedk0,dstranierik0@dion.ne.jp,Male
722,wgarrisonk1,fmessengerk1@booking.com,Male
723,btommisk2,tcottelk2@list-manage.com,Male
724,gollingtonk3,vfeeleyk3@telegraph.co.uk,Male
725,trumbelowk4,fkyffink4@hp.com,Male
726,dsellork5,cskillernk5@gravatar.com,Female
727,dmccullockk6,ekaufmank6@slashdot.org,Male
728,rbuttrickk7,gbredeek7@wunderground.com,Female
729,romoylanek8,rmessengerk8@example.com,Female
730,leatttokk9,bcolmank9@wix.com,Female
731,mkeaneka,csolwayka@histats.com,Female
732,nwentworthkb,hdomenguekb@photobucket.com,Female
733,lvialskc,tburleighkc@tamu.edu,Female
734,phuttenkd,aebbinkd@msn.com,Male
735,ecreboeke,pcundeke@goo.ne.jp,Female
736,ddelacrouxkf,lallsobrookkf@phoca.cz,Female
737,afayermankg,mdyterkg@amazon.co.uk,Male
738,pculykh,cmcgilvraykh@163.com,Female
739,nmarcuski,sohederscollki@webeden.co.uk,Male
740,dleathlaykj,tothenkj@alexa.com,Male
741,rwhiffinkk,bdowneykk@deliciousdays.com,Male
742,nstudkl,apeyrokl@sogou.com,Male
743,ceagankm,lbiesterfeldkm@icq.com,Male
744,tedscerkn,hbrundalekn@businessweek.com,Female
745,cfriddko,qhallorko@ft.com,Female
746,kabbettkp,lowerskp@lulu.com,Female
747,ddavidovickq,rcuttingkq@thetimes.co.uk,Female
748,jlearmankr,hkrochmannkr@deviantart.com,Female
749,hgrogks,stuffellks@flickr.com,Female
750,dwigginskt,mfrieskt@purevolume.com,Male
751,jhayfieldku,ldraysayku@ameblo.jp,Female
752,tgantzkv,crevelykv@go.com,Female
753,rgoldingkw,achalcroftkw@google.cn,Male
754,plubekx,asetterfieldkx@goodreads.com,Female
755,dsouthertonky,tffordeky@phpbb.com,Male
756,ccoramkz,phesskz@nasa.gov,Male
757,rhamshawl0,egallaharl0@ftc.gov,Female
758,ggottschalkl1,fguilfordl1@mlb.com,Female
759,atollowl2,ehrishchenkol2@facebook.com,Male
760,mgonninl3,sziemel3@reddit.com,Male
761,cfetterplacel4,vpointonl4@usda.gov,Male
762,mmarchmentl5,dmathetl5@berkeley.edu,Male
763,jdomengetl6,apuddingl6@qq.com,Female
764,sitzkovichl7,grostenl7@alexa.com,Male
765,chinchonl8,lhawickl8@alexa.com,Male
766,kingolottil9,pdunseathl9@washington.edu,Male
767,apiserla,wchalcraftla@tinyurl.com,Female
768,jkondratenkolb,bpetraseklb@cnet.com,Male
769,kmillwardlc,ccustlc@msu.edu,Female
770,ebowndeld,dmackrillld@alibaba.com,Female
771,jbatmanle,pverricole@timesonline.co.uk,Male
772,cgerritsmalf,stiemanlf@google.ru,Female
773,amcneillg,klowethlg@cnn.com,Female
774,ohazaellh,dmarlorlh@list-manage.com,Female
775,btealli,spiotrkowskili@rediff.com,Female
776,wmarinilj,troxburchlj@rakuten.co.jp,Female
777,jsangarlk,ddedomenicilk@squarespace.com,Female
778,cledingtonll,ethornsll@multiply.com,Female
779,gwesthofflm,mmcpolinlm@amazonaws.com,Male
780,kblaschekln,rcalenderln@etsy.com,Female
781,dgaroghanlo,fmcgrannlo@parallels.com,Female
782,askogginslp,cyeomanlp@sphinn.com,Male
783,egentilelq,nsrawleylq@hc360.com,Male
784,gdaenslr,vcominettilr@digg.com,Female
785,bfolbigls,evamplewls@amazon.co.uk,Female
786,pmarrettlt,tlannonlt@amazon.co.uk,Male
787,aarrighilu,ldeesonlu@qq.com,Male
788,eocorrenlv,hgingerlv@amazonaws.com,Female
789,rdarrellw,bspeddinlw@reuters.com,Male
790,wnobleslx,dalanlx@blinklist.com,Male
791,kbillionly,ujagoely@amazon.co.uk,Female
792,wbenduhnlz,ncauderlielz@is.gd,Male
793,ndamettim0,ededenhamm0@technorati.com,Male
794,ghaym1,streversm1@ucoz.ru,Male
795,pwhittam2,cgoodredm2@pagesperso-orange.fr,Female
796,nspawforthm3,mbrizlandm3@hostgator.com,Female
797,cjeskinm4,dgoblem4@stumbleupon.com,Male
798,emaffezzolim5,cricardetm5@geocities.com,Male
799,tplayhillm6,nferencem6@hibu.com,Male
800,okiesselm7,mrochm7@tripadvisor.com,Male
801,rhendriksenm8,mcockroftm8@ibm.com,Male
802,maspinwallm9,mnairnm9@discuz.net,Female
803,kmatthiesonma,rcabenama@answers.com,Female
804,grolsemb,tderuggeromb@wisc.edu,Male
805,hbulliermc,cbamellmc@biglobe.ne.jp,Female
806,mswallowmd,cwillimottmd@narod.ru,Female
807,kshekleme,bsmeathme@edublogs.org,Male
808,dhavardmf,nsizelandmf@barnesandnoble.com,Male
809,kdavidimg,gpaxmanmg@mit.edu,Male
810,sneilandmh,omarinmh@51.la,Male
811,hamorimi,mpavlovskymi@bbc.co.uk,Male
812,tquinlanmj,amacnultymj@soup.io,Female
813,gferrottimk,paldwickmk@canalblog.com,Male
814,kdebruynml,kgowryml@jimdo.com,Male
815,ytillymm,bbilammm@list-manage.com,Female
816,ebogeysmn,wduesberrymn@prlog.org,Female
817,droubymo,oshimonimo@drupal.org,Male
818,hbaildonmp,lpestormp@miibeian.gov.cn,Male
819,cgaylermq,rwisniewskimq@friendfeed.com,Male
820,scottymr,jthickinsmr@unesco.org,Male
821,rwalisiakms,ohammersleyms@blog.com,Female
822,blumlymt,ndurnallmt@slashdot.org,Female
823,ashannonmu,bomullaneymu@123-reg.co.uk,Female
824,hdowdneymv,swinpennymv@dion.ne.jp,Male
825,prehmmw,epressliemw@seesaa.net,Female
826,gprahmmx,tjersonmx@rakuten.co.jp,Female
827,ybullmanmy,edulantymy@naver.com,Female
828,geykelmz,kspurdensmz@jimdo.com,Male
829,djacklingn0,mmatousekn0@theguardian.com,Female
830,ehyamsn1,rwannesn1@fema.gov,Male
831,lollien2,tminardn2@symantec.com,Female
832,dbirtsn3,lbartolomeazzin3@ustream.tv,Female
833,cperratn4,cchingedehalsn4@nationalgeographic.com,Male
834,cdubarryn5,cdrinkhalln5@infoseek.co.jp,Female
835,mguesten6,tphilottn6@yolasite.com,Female
836,doylettn7,jelwynn7@symantec.com,Female
837,mgarsiden8,bsimakovn8@msu.edu,Female
838,ppenhalurickn9,ileftbridgen9@cocolog-nifty.com,Male
839,sdheninna,rtreena@upenn.edu,Female
840,thawyesnb,mbrymnernb@clickbank.net,Male
841,dpumphreysnc,jgodlontonnc@histats.com,Male
842,clunand,cyakutinnd@alexa.com,Female
843,lbehrne,sbericne@latimes.com,Female
844,vfearensidenf,bmascallnf@paypal.com,Female
845,mwhittingtonng,jgilksng@delicious.com,Male
846,amardynh,kgullivernh@dailymotion.com,Male
847,akilliamni,gderrickni@rambler.ru,Female
848,abockmannnj,plobellnj@wikimedia.org,Female
849,tchillingsworthnk,lendriccink@imdb.com,Female
850,jmaassnl,acapellnl@wordpress.org,Male
851,rmacellennm,mokanenm@scribd.com,Female
852,mtwohignn,clutynn@g.co,Female
853,cludwikiewiczno,kkubanekno@pbs.org,Female
854,fgrishaninnp,lgillinp@constantcontact.com,Male
855,rtwelvenq,opiechanq@cpanel.net,Male
856,cbarrettnr,okiffinnr@samsung.com,Male
857,wduthiens,afessionsns@google.com.br,Female
858,kedmensonnt,jstatefieldnt@prlog.org,Female
859,bsielynu,acarlilenu@arstechnica.com,Male
860,hjoderlinv,sllorensnv@taobao.com,Male
861,kondrouseknw,kbulwardnw@abc.net.au,Male
862,rmcnerlinnx,szavittierinx@xing.com,Female
863,ablanningny,pnoyesny@hubpages.com,Female
864,fpearsenz,abrattellnz@senate.gov,Female
865,rsemmenso0,ccruso0@amazon.de,Male
866,nfellneeo1,cdecleyneo1@bravesites.com,Male
867,lcharnicko2,laskewo2@prlog.org,Female
868,awaplingtono3,mdewerko3@google.com.br,Male
869,kbengleo4,bwildbloodo4@geocities.com,Male
870,vedelmanno5,vsimoneo5@answers.com,Male
871,rshacklefordo6,sbrookero6@ameblo.jp,Male
872,rbarrowso7,tcarvero7@qq.com,Female
873,delsono8,hfloyedo8@unesco.org,Female
874,jyushankino9,mbartheleto9@wordpress.org,Female
875,owenhamoa,nkohlertoa@is.gd,Female
876,espencerob,omcgillob@engadget.com,Male
877,pocoskerryoc,wrottenburyoc@geocities.jp,Female
878,nhogbinod,bsharperod@sphinn.com,Male
879,mkinglesydoe,msivesoe@who.int,Male
880,sdoulof,lbrewseof@oracle.com,Female
881,oboswardog,mhickfordog@about.com,Female
882,ewaggattoh,llemoucheuxoh@cbslocal.com,Female
883,ygornaroi,fkeymeoi@t.co,Male
884,astaniforthoj,lbrindoj@homestead.com,Female
885,lvickeryok,jblaschkeok@altervista.org,Male
886,dheadeyol,sfaneol@ed.gov,Female
887,ehumblestoneom,cdriffillom@scientificamerican.com,Male
888,emethamon,mberridgeon@ask.com,Male
889,mdodsonoo,iurwenoo@nymag.com,Male
890,vverissimoop,shaldenbyop@twitter.com,Male
891,freasunoq,kshayoq@gov.uk,Female
892,ddorricottor,rottewellor@purevolume.com,Female
893,cgoulbourneos,nringeos@buzzfeed.com,Male
894,eloveridgeot,fshowalterot@huffingtonpost.com,Male
895,crobertotou,rwasselinou@livejournal.com,Female
896,fgilhamov,fbambraov@moonfruit.com,Female
897,ddickensow,opethrickow@state.tx.us,Male
898,eygoeox,acabbleox@hud.gov,Male
899,bholtonoy,htorrecillaoy@reuters.com,Male
900,hboakesoz,rtitcomboz@tmall.com,Female
901,pbickersp0,gcromleholmep0@digg.com,Female
902,drousp1,mgraysonp1@youku.com,Female
903,jtristramp2,gbuttonp2@oracle.com,Female
904,sabelesp3,dstubbingsp3@imageshack.us,Male
905,jnanip4,nmeakp4@wired.com,Male
906,echuggp5,hrachuigp5@hugedomains.com,Male
907,eboigp6,tknappenp6@army.mil,Female
908,askerrettp7,awaithp7@purevolume.com,Female
909,mcasillisp8,lraffonp8@salon.com,Female
910,rmulberyp9,llecontep9@harvard.edu,Female
911,pmckuepa,kklementpa@mozilla.com,Female
912,ajeayspb,jbartapb@slashdot.org,Male
913,jbagworthpc,hwharmbypc@uiuc.edu,Male
914,jmatignonpd,rellowaypd@google.com.au,Male
915,ttruckellpe,abouttonpe@google.co.jp,Female
916,tthornpf,cdisdelpf@1und1.de,Female
917,tlujanpg,mflannepg@virginia.edu,Male
918,vjanatkaph,mbendallph@cocolog-nifty.com,Female
919,mjerrampi,ageddespi@telegraph.co.uk,Female
920,kilyasovpj,ccondiepj@huffingtonpost.com,Male
921,ncullinpk,aerdelypk@wikispaces.com,Female
922,cmartijnpl,gjanewaypl@live.com,Female
923,ptuftinpm,uweisspm@washington.edu,Female
924,mayrspn,ckunpn@washingtonpost.com,Female
925,cjessenpo,lcarlylepo@fotki.com,Female
926,hevelingpp,wbristowepp@forbes.com,Male
927,gflecknesspq,kkubasekpq@i2i.jp,Male
928,jdenekamppr,tpauerpr@bigcartel.com,Male
929,vscholerps,aconklinps@japanpost.jp,Male
930,jburrillpt,gdoughartiept@wp.com,Male
931,eelflainpu,nthirlwallpu@wufoo.com,Female
932,ahatterslaypv,epickersailpv@blogs.com,Male
933,shickfordpw,ajagielskipw@irs.gov,Female
934,dswanwickpx,ptwattpx@sina.com.cn,Female
935,njoypy,nhradskypy@ifeng.com,Female
936,kmarmyonpz,ekernellpz@nature.com,Male
937,mmatieweq0,lourticq0@hugedomains.com,Male
938,ibullonq1,twhichelowq1@gnu.org,Female
939,lgersamq2,reldershawq2@scribd.com,Female
940,joakenfordq3,kwinningq3@usnews.com,Female
941,bgollardq4,aduffellq4@yahoo.com,Female
942,aromansq5,qbrooktonq5@omniture.com,Male
943,hdilkesq6,jwycliffeq6@wiley.com,Male
944,bzellmerq7,cbuseq7@moonfruit.com,Male
945,cjohannesq8,rgrubyq8@cafepress.com,Male
946,chiddsleyq9,awindasq9@spotify.com,Male
947,roscallanqa,ktrussqa@fda.gov,Female
948,babthorpeqb,gwewellqb@multiply.com,Male
949,kbamptonqc,csnaddenqc@reddit.com,Male
950,mchastonqd,rmccaheyqd@ifeng.com,Male
951,rmurkinqe,htownbyqe@trellian.com,Male
952,cgarforthqf,ogodleyqf@mac.com,Female
953,wcollefordqg,rfrudeqg@answers.com,Male
954,dipplettqh,cbulbrookqh@elpais.com,Female
955,cbateupqi,hjedrysikqi@psu.edu,Female
956,hphilotqj,mmeesonqj@shutterfly.com,Male
957,ctwiggsqk,bbalmaqk@npr.org,Female
958,adawdryql,aavramovskyql@statcounter.com,Male
959,gcranneyqm,qchaudronqm@mail.ru,Female
960,sspyvyeqn,gmatuszkiewiczqn@blogs.com,Male
961,gdowningqo,snenciqo@1und1.de,Female
962,bseagarqp,bmackallqp@soundcloud.com,Male
963,vskeletonqq,kpursegloveqq@bbc.co.uk,Female
964,jloundqr,wposselqr@t.co,Female
965,oarrundaleqs,jwarmanqs@google.pl,Female
966,emartinhoqt,dfranzeliniqt@4shared.com,Male
967,jtankardqu,sblaszkiewiczqu@jiathis.com,Male
968,akernarqv,bhendriksqv@creativecommons.org,Male
969,rgailqw,mmomfordqw@nymag.com,Female
970,rblasgenqx,jfortnumqx@walmart.com,Female
971,klavalqy,coverthrowqy@archive.org,Female
972,nphilcoxqz,kseedullqz@unicef.org,Female
973,dpauleyr0,bfinnemorer0@si.edu,Female
974,dtchirr1,awestbyr1@plala.or.jp,Male
975,bfrentzr2,jfancuttr2@privacy.gov.au,Female
976,bgaucherr3,pfinnimorer3@e-recht24.de,Female
977,agerrietr4,gcowdryr4@technorati.com,Female
978,eputtergillr5,gstainsr5@jalbum.net,Male
979,ldallisonr6,alebondr6@github.io,Female
980,gthaxtonr7,hbevenr7@mtv.com,Male
981,msimeonovr8,tyurygynr8@yolasite.com,Female
982,lchildsr9,gjeppsr9@marketwatch.com,Male
983,hgranera,mivashinra@tripadvisor.com,Male
984,jknotonrb,jchallinorrb@webeden.co.uk,Female
985,slownrc,jnisotrc@weibo.com,Female
986,gwileyrd,nmiddletonrd@wp.com,Male
987,laleksandrikinre,torbonre@tumblr.com,Female
988,blindstromrf,emilierrf@miitbeian.gov.cn,Female
989,spitcherrg,wheavisiderg@foxnews.com,Male
990,aciubutarorh,cgaunterrh@printfriendly.com,Female
991,bdimentri,bhastelowri@jiathis.com,Male
992,ebelbinrj,vharriotrj@vinaora.com,Male
993,smcnayrk,sandrewsrk@cbsnews.com,Female
994,torourkerl,csafflerl@phpbb.com,Female
995,bransomrm,gvernrm@amazonaws.com,Male
996,akeelern,dnibleyrn@nbcnews.com,Male
997,plutonro,rswanborrowro@ycombinator.com,Female
998,gduhamelrp,ecorishrp@comsenz.com,Female
999,ncammackrq,gheddanrq@cocolog-nifty.com,Male
1000,abernonrr,ylangmeadrr@g.co,Male
